repo,host
yanniss/doop-deprecated,Bitbucket
soot-oss/soot,Github
soot-oss/SootUp,Github
wala/WALA,Github
secure-software-engineering/FlowDroid,Github
secure-software-engineering/phasar,Github
opalj/opal,Github
facebook/infer,Github
arguslab/Argus-SAF,Github
MIT-PAC/droidsafe-src,Github
vitsalis/PyCG,Github
scottrogowski/code2flow,Github
cs-au-dk/TAJS,Github
diffblue/cbmc,Github
plast-lab/doop,Github
phpstan/phpstan,Github
phpstan/phpstan-src,Github
security-code-scan/security-code-scan,Github
pmd/pmd,Github
spotbugs/spotbugs,Github
Repository,Host